{"__type__":"cc.AnimationClip","_name":"sign3","_duration":25.016666666666666,"curveData":{"props":{"position":[{"frame":0,"value":[841.298,70.12799999999999,0]},{"frame":25.016666666666666,"value":[-918.298,70.12799999999999,0]}]}}}