{"__type__":"cc.AnimationClip","_name":"sign1","_duration":26.016666666666666,"curveData":{"props":{"position":[{"frame":0,"value":[871.404,243.591,0]},{"frame":26.016666666666666,"value":[-871.404,243.591,0]}]}}}