{"__type__":"cc.AnimationClip","_name":"sign6","_duration":27.016666666666666,"curveData":{"props":{"position":[{"frame":0,"value":[-870.969,-195.789,0]},{"frame":27.016666666666666,"value":[870.969,-195.789,0]}],"scaleX":[{"frame":0,"value":-1}]}}}