{"__type__":"cc.AnimationClip","_name":"sign3","_duration":27.016666666666666,"curveData":{"props":{"position":[{"frame":0,"value":[880.152,245.004,0]},{"frame":27.016666666666666,"value":[-880.152,245.004,0]}]}}}