{"__type__":"cc.AnimationClip","_name":"sign5","_duration":26.016666666666666,"curveData":{"props":{"position":[{"frame":0,"value":[840.256,-285.274,0]},{"frame":26.016666666666666,"value":[-840.256,-285.274,0]}]}}}