{"__type__":"cc.AnimationClip","_name":"sign13","_duration":25.516666666666666,"curveData":{"props":{"scaleX":[{"frame":0,"value":-1}],"position":[{"frame":0,"value":[-841.298,157.128,0]},{"frame":25.516666666666666,"value":[918.298,157.128,0]}]}}}