{"__type__":"cc.AnimationClip","_name":"sign12","_duration":25.016666666666666,"curveData":{"props":{"scaleX":[{"frame":0,"value":-1}],"position":[{"frame":0,"value":[-841.298,70.12799999999999,0]},{"frame":25.016666666666666,"value":[918.298,70.12799999999999,0]}]}}}