{"__type__":"cc.AnimationClip","_name":"sign6","_duration":25.016666666666666,"curveData":{"props":{"position":[{"frame":0,"value":[841.298,-155.872,0]},{"frame":25.016666666666666,"value":[-918.298,-155.872,0]}]}}}