{"__type__":"cc.AnimationClip","_name":"sign1","_duration":18.333333333333332,"curveData":{"props":{"position":[{"frame":0,"value":[742,175.885,0]},{"frame":18.333333333333332,"value":[-742,175.885,0]}]}}}