{"__type__":"cc.AnimationClip","_name":"sign4","_duration":26.016666666666666,"curveData":{"props":{"position":[{"frame":0,"value":[840.256,-179.274,0]},{"frame":26.016666666666666,"value":[-840.256,-179.274,0]}]}}}