{"__type__":"cc.AnimationClip","_name":"sign10","_duration":24.516666666666666,"curveData":{"props":{"position":[{"frame":0,"value":[-812,-120.00200000000001,0]},{"frame":24.516666666666666,"value":[812,-120.00200000000001,0]}],"scaleX":[{"frame":0,"value":-1}]}}}