{"__type__":"cc.AnimationClip","_name":"sign2","_duration":26.016666666666666,"curveData":{"props":{"position":[{"frame":0,"value":[840.256,72.726,0]},{"frame":26.016666666666666,"value":[-840.256,72.726,0]}]}}}