{"__type__":"cc.AnimationClip","_name":"sign1","_duration":24.516666666666666,"curveData":{"props":{"position":[{"frame":0,"value":[812,242.998,0]},{"frame":24.516666666666666,"value":[-812,242.998,0]}]}}}