{"__type__":"cc.AnimationClip","_name":"sign4","_duration":25,"curveData":{"props":{"position":[{"frame":0,"value":[841.298,-14.872000000000014,0]},{"frame":25,"value":[-918.298,-14.872000000000014,0]}]}}}