{"__type__":"cc.AnimationClip","_name":"sign4","_duration":17.233333333333334,"curveData":{"props":{"position":[{"frame":0,"value":[742,-121.3,0]},{"frame":17.233333333333334,"value":[-742,-121.3,0]}]}}}