{"__type__":"cc.AnimationClip","_name":"sign14","_duration":24.983333333333334,"curveData":{"props":{"scaleX":[{"frame":0,"value":-1}],"position":[{"frame":0,"value":[-841.298,263.128,0]},{"frame":24.983333333333334,"value":[918.298,263.128,0]}]}}}