{"__type__":"cc.AnimationClip","_name":"sign5","_duration":27.016666666666666,"curveData":{"props":{"scaleX":[{"frame":0,"value":-1}],"position":[{"frame":0,"value":[-877.091,39.913,0]},{"frame":27.016666666666666,"value":[877.091,39.913,0]}]}}}