{"__type__":"cc.AnimationClip","_name":"sign8","_duration":25.016666666666666,"curveData":{"props":{"scaleX":[{"frame":0,"value":-1}],"position":[{"frame":0,"value":[-841.298,-271.872,0]},{"frame":25.016666666666666,"value":[918.298,-271.872,0]}]}}}