{"__type__":"cc.AnimationClip","_name":"sign10","_duration":25.016666666666666,"curveData":{"props":{"scaleX":[{"frame":0,"value":-1}],"position":[{"frame":0,"value":[-841.298,-79.87200000000001,0]},{"frame":25.016666666666666,"value":[918.298,-79.87200000000001,0]}]}}}