{"__type__":"cc.AnimationClip","_name":"three2_fish3","_duration":14.016666666666667,"curveData":{"props":{"position":[{"frame":0,"value":[-837,185],"motionPath":[[-184,187,-646,186,-101,187],[330,21,195,158,521,-171]]},{"frame":14.016666666666667,"value":[547,-490],"motionPath":[]}],"scaleX":[{"frame":0,"value":-1}],"angle":[{"frame":0,"value":0},{"frame":5.766666666666667,"value":0},{"frame":14.016666666666667,"value":-60}]}}}