{"__type__":"cc.AnimationClip","_name":"sign3","_duration":26.5,"curveData":{"props":{"position":[{"frame":0,"value":[871.404,-60.40899999999999,0]},{"frame":26.5,"value":[-871.404,-60.40899999999999,0]}]}}}