{"__type__":"cc.AnimationClip","_name":"sign7","_duration":25.016666666666666,"curveData":{"props":{"position":[{"frame":0,"value":[841.298,-271.872,0]},{"frame":25.016666666666666,"value":[-918.298,-271.872,0]}]}}}