{"__type__":"cc.AnimationClip","_name":"sign2","_duration":24.516666666666666,"curveData":{"props":{"position":[{"frame":0,"value":[812,172.998,0]},{"frame":24.516666666666666,"value":[-812,172.998,0]}]}}}