{"__type__":"cc.AnimationClip","_name":"sign5","_duration":25,"curveData":{"props":{"position":[{"frame":0,"value":[841.298,-79.87200000000001,0]},{"frame":25,"value":[-918.298,-79.87200000000001,0]}]}}}