{"__type__":"cc.AnimationClip","_name":"sign6","_duration":24.016666666666666,"curveData":{"props":{"position":[{"frame":0,"value":[934.664,-176,0]},{"frame":24.016666666666666,"value":[-1000,-176,0]}]}}}